温度,湿度,光亮度,学习效率
23.232202558909872,53.7152108312463,668.0629294353182,0.7544667350842231
25.727840495586292,30.402547826243733,433.25879017776236,0.28690232460641785
24.041450641074658,49.03304783428891,466.2091929944531,0.8653441564548869
23.173247744953454,58.350815637641944,275.364410492025,0.6631866215344475
21.354821990083572,31.759017280963626,523.5301117673307,0.43261589242617127
24.68841169599984,65.1808593209492,312.03336606888456,0.4088860067995591
21.563808168940387,50.80325666542692,504.09881018008747,0.8917444564460253
28.376595011731197,31.226441933028717,218.7746809018489,0.028780752734994808
29.45494140751544,38.97654447683361,211.62836463881115,0.14724054886686389
20.751622782386665,68.14702785709252,391.9208188343955,0.4021090694624625
26.87587557123997,53.292789322082214,398.77366057737856,0.6015617339021269
22.933423796293567,34.29890271075218,287.6764854387774,0.5012807363200797
23.520668416408984,41.50178009122246,192.117795256683,0.5966988913088591
28.883949574389916,48.26814503441937,127.44737744972794,0.37751050063912217
16.065540872968306,30.838002770709217,117.6622791014713,0.0
16.30693949552311,46.46462054455036,290.085203004533,0.42259490998412486
15.303275961604886,49.57834541738792,423.297409513356,0.4969615135956694
27.48929768321907,39.74711501124929,608.3702969142889,0.3356436026312518
26.67235126424776,53.54556001167946,432.4101904998063,0.6248281489961658
28.050182223702286,60.12960478368707,732.8355736046973,0.24206412568257696
29.67927513349146,39.43336896422542,124.65386320278495,0.1022891500646741
26.987378463250856,54.81999601119951,226.46243507844403,0.47389507601683334
21.92219043379398,55.58488971854966,336.9601449390999,0.7680286168792381
26.707937644296834,67.94161204515365,504.24733164558575,0.24509845989632917
16.774116388034,61.13104669185775,696.9153105257597,0.22241953927450886
24.59881531991286,63.93381079160024,345.1413663696035,0.461801026201329
17.150299311135697,49.61679633745101,287.59207775309403,0.5564360900134617
29.17003375574376,37.413943479175316,143.322418190027,0.09464272621076408
22.827724826251075,69.83261171838541,674.9124343886729,0.37523522605759174
21.219929099857854,35.174230441547984,365.76651024467526,0.5039065154314495
18.968334181569404,48.858292774170614,500.08513679185404,0.7121628663199142
26.61350534151325,32.723723969684265,788.4887927198542,0.13267427041748314
21.84225498324823,67.75403429403278,101.11619942300621,0.3461643317338273
23.526509233029728,68.59699763393758,201.81509848920618,0.34845782384920077
15.281847006545327,58.77556248015894,645.3776958135488,0.20636374042592986
24.264532456138156,43.999713745206755,663.5892396454865,0.6306481848183458
24.181435840836322,40.17529604470497,638.4729833229288,0.5525376387176177
24.254009953121354,40.61213298148189,475.8992237299805,0.6360363639813473
29.156221177719363,35.09176101680299,785.1998867161393,0.023926953231098502
25.22730448655225,51.03235812306892,377.3291919967244,0.7577656011515673
20.39261850860679,35.6726910280591,521.3605886791786,0.4673439435708927
21.555479306990122,42.66922666213825,144.3583031841938,0.6082189552024139
25.464467938908975,55.0682590383642,386.9002149351371,0.6456148114160765
15.903382074439047,59.10174438362999,605.7500612569454,0.2585151662018793
25.001500731685013,30.970908184882447,267.11718853948946,0.27041893609996004
25.05956804427239,47.2046393750696,760.6793123512039,0.6115355850675311
18.155738416107614,56.08498379368556,580.7483573503023,0.4959968436839389
16.9338944648228,64.12983904634052,301.30276800030003,0.20487211578219744
19.731425263862757,49.01299128848329,638.2992458940995,0.7010868255676472
20.45566156413934,68.76823486870741,158.2153402656764,0.2555598231609738
23.552951556268194,40.62530190165789,782.3420957573196,0.5371776362867487
21.579022701934804,30.540348265068754,134.49968135149095,0.3018719731135586
29.825607570888394,49.350114588069445,753.4191238041028,0.35089372959293696
16.530672161220423,40.24455180080072,276.99771442378284,0.2757765650174665
18.13315134142252,62.94870688092678,630.4768753836233,0.2992177148413683
17.419642768274944,39.310906887244485,100.05158960317426,0.22744008987714381
24.796624881980975,42.42516873165225,277.96806242571984,0.5756009225524412
18.799374038096733,61.64909724076449,624.370424654804,0.37903063597076325
21.994661592844594,58.6057300810144,472.63524962812556,0.7403888305318388
18.666383880024043,52.3220494662905,180.4665047459804,0.5580250718900452
17.384543754682795,58.19792247691038,375.5408220860927,0.41856477033518535
16.655627117464576,46.74547454280106,362.8845485591798,0.4875284564291791
24.844943841979102,30.212401904586713,497.7135709266649,0.3262597100890776
17.072744270229208,30.4542051404877,567.5839507221524,0.09354572237406711
17.948735425200802,50.44887150294747,688.581169688575,0.5717504933022834
20.53087755991446,33.33163918875997,448.06197788416085,0.4510932827057542
27.314898447719024,32.04301920677027,374.41520211361905,0.19408948942304516
16.45651913689592,68.62066556549894,200.7835738667672,0.012910148020715217
27.56917361248206,64.36010558632233,663.3760754928056,0.20144479784656355
16.441476118409447,36.08108908838278,599.359283790192,0.17700216663201285
29.646891975200937,30.02656874360818,386.0741782182797,0.0
22.029768024715523,67.66671181559025,462.9026169598686,0.5208393029437222
29.651416322855056,41.13301193280457,565.6279910883222,0.24650326199248096
24.07268279617569,37.4359041142199,215.36391289327645,0.4693206130596308
26.088953690974527,57.66032431326141,119.03845608554417,0.411627577572803
15.58781688381481,34.35614955365305,322.2525894306798,0.08725943082454202
19.242104438646145,40.585983920112014,516.9095137453141,0.5155948873671556
16.802948418197534,69.00378720848187,440.6242638970211,0.14063724476160844
19.442102962832173,55.57851097896041,584.788238804189,0.5924925474270923
16.78091578431366,50.82711165930214,673.7828639021747,0.4914866589468453
19.76974769090964,45.91674459339751,441.9097267111931,0.7120492831390057
21.21394491772005,60.98003819536808,193.98691660247738,0.5178510475364095
15.962212445231765,35.63829906094775,695.4395998592761,0.0882289729394895
25.387081790550297,68.69351208147928,502.49322909188004,0.31519330283495994
23.49902181309863,64.44492032263148,617.9562365480094,0.492296377466681
18.980842364091682,54.70627930276973,593.2652575258041,0.5795109571674383
22.848720802000493,31.716247616102326,777.7482399318692,0.36358754649211134
16.409107661376623,58.03422597790951,306.71512563506974,0.32485396875597516
23.639197433342687,66.53137363541924,593.7147409454834,0.4423335726319191
28.93944296364321,50.983082699145044,355.97343318814285,0.501352179320466
19.778534286769855,44.16899287309051,376.7875046430492,0.6379306812514669
25.011155699455223,34.811093799178785,261.41624566110505,0.3630651772353619
16.976967936065883,60.19604416550273,340.8071229555977,0.32490015015044194
25.74490806177848,65.40087404847225,763.8077261607842,0.24921869411687392
19.341091394208014,34.01006976303394,304.79959286332064,0.32051478600558314
17.74787043010675,60.359382190093676,272.1934241696107,0.3395370092403037
23.797694022151248,30.682419450363902,508.1965849316754,0.40283489195774047
15.301613192812404,68.68219672308878,280.6251697192282,0.0
27.434100438260444,54.60232082540385,431.3700079160065,0.5471305253456391
15.070432142888206,52.097562359665325,683.9233795893658,0.34086433168216845
25.167248051943453,41.837993343557116,261.2802200150229,0.5282667348950896
19.05011959788247,67.17166686279134,398.683988528744,0.3162801056836879
26.027910331838925,40.63622509347164,527.3428145140224,0.4938816935408519
29.432828176761575,63.1258645286678,481.94024720143983,0.19445520014137163
18.73129715279937,69.40434717348528,782.3062661906661,0.1054033850444136
23.642360016267553,61.33586582059223,576.2591780766365,0.5803226019356256
23.880628969077584,50.75959681545727,617.9623694339078,0.808986067658916
23.5837785868631,32.64297055406688,776.8691635767133,0.33817037540522077
18.346224489609273,48.896551566842916,390.10661765996474,0.6669747635545314
29.291235172754774,47.53023787886814,348.76587054273585,0.4373002071417357
21.70688067926441,38.11184164747981,130.7037008364678,0.4978755630600832
27.69613008706692,46.94350546857218,228.943014563179,0.4719137330827855
25.492189129762565,44.31031536321355,266.03274243617307,0.5706751527800596
19.461554262827004,36.54737044606594,228.45312694993694,0.3556227010305616
27.206967295537158,47.65496573329945,628.3487252375951,0.5426483592311542
20.94758611270477,40.511998252979566,475.1180868932782,0.64734470341277
28.216547956667423,50.88249682729057,567.3436610209271,0.540956448387085
23.71909308953788,31.406402388647766,674.3235125875615,0.3470664668005444
28.226030427822792,66.24925679149138,261.5417589001263,0.12229119878649441
25.38797385116649,62.65457222079424,328.1467578750494,0.4330787510095444
25.87881419729461,52.10325330042018,595.8521869256178,0.6527109653243226
22.519865728900534,64.07234331028972,374.931262133131,0.6111200172842122
29.34125452084836,68.49580295243202,120.4896580707309,0.0
24.659852988444563,34.42089176210642,404.4686533188146,0.44485050116531566
21.357825728372696,55.23327233639215,735.7911604907899,0.656932211343238
24.095898211918865,69.91976003742634,386.3150581150123,0.36528662213404195
15.287897974640003,69.51556677334105,332.5742415099229,0.0
19.52362225011824,54.13291969162978,792.667558061519,0.5350767967354625
24.902603062390277,35.12083481803267,551.0908949659092,0.41970881154579387
19.35116410815666,53.32771323962113,356.1986185298266,0.6622174517103092
24.270231434982623,30.08258542297687,171.41367195466518,0.251389050363516
21.43153051418649,37.95645338667438,651.4946114624948,0.5317302206304853
17.032110963336752,68.2449263823984,595.6524534414303,0.1099925934999042
19.47423488934046,43.21762290411375,745.3410594739954,0.488084298809353
23.549473660518974,55.53560423107794,252.09294101960583,0.6974035268644561
23.863091418722597,41.234379785289704,180.44704499176237,0.5616281833801468
23.614878732743684,67.91287548446358,606.8507684863446,0.40316202190247696
24.798012297857007,59.14234919797947,242.37708939908694,0.5193723975262781
24.781549050025333,43.186046303256504,223.2726864526473,0.5695825001762225
21.47127653150961,61.67045684721484,323.86513477725043,0.5795927927189604
28.448198937765945,34.32662097905351,671.7775990349063,0.10601054813246225
20.51342805071845,45.69275760261838,477.67562357674154,0.7467019417434791
21.537973878984403,38.8487251092637,132.09524857159667,0.5056998380313129
28.37885032523508,57.34905789104185,424.72627226152207,0.4123150892613874
27.092909835691287,34.097851270877214,578.7857279565326,0.23492575560368611
25.558328753105496,45.88103329130696,476.857906928311,0.6803477692526357
16.503403309684515,41.06598920836758,500.7151527095892,0.35272654480263865
28.792239206170102,50.25371677295217,257.34412987486525,0.4824335763957439
25.71361949323667,43.99590722015516,693.4175321167437,0.519743270422985
29.982705098517997,58.256423106680444,492.9791023137869,0.2742761765680811
17.241724569869906,30.983080972278643,599.2722091284736,0.10294332461806766
28.021890860523214,55.3594768522363,787.3049519093117,0.3372656156547774
17.43739402014562,39.2228515877528,399.7390603721725,0.36913044359503877
24.233393464257663,40.74836115027397,716.746628873556,0.5261272602475023
16.857299742741624,62.01022414334094,105.09670975878751,0.15932471724629305
27.720123439833515,68.22273575921683,123.38510483058407,0.04089247423571829
27.109784380875162,42.66200840108347,513.1959452101719,0.4791379440591369
23.536511079218897,63.072210814763025,318.0145768795404,0.5412437895303982
21.107749458389996,34.159633518849326,273.79359691379017,0.42726632420379973
16.037504931827073,55.35926612029533,294.554750046271,0.361163794850741
25.461431597168456,60.04129198139675,322.8820542274113,0.4910065721907133
21.803140240171032,36.239117121378264,610.2633873003961,0.5332047119980511
25.83083399205522,47.04009550678242,498.4371805616612,0.6808814641222312
27.995734888929437,65.70828656995926,652.3251807915334,0.1445651856359449
29.632822575043285,34.14313853793489,681.1376058845364,0.017991431833802474
27.837050135889164,30.723854328059005,690.0544015108975,0.04798139604177021
15.17571126277503,53.62341516191735,390.2509044224213,0.3926767548620308
20.39967096717546,47.421261621237335,394.89137742148756,0.7692674037814343
25.94985843636087,61.94756995535611,748.3861160984088,0.32923156197851133
17.57444515892161,66.93822152816426,563.2345162230873,0.19425294085586398
22.81554909306194,41.966145781752644,156.32702878539715,0.6382727663327331
15.815069825088804,45.53616468676421,479.53086786472784,0.428679787477536
17.999947873446,49.450883453172594,349.2050817444349,0.6382710311040172
15.27782691690921,53.526058417411974,791.2044928014542,0.26789200411986025
26.90546555036131,69.35415318726467,109.5587845236048,0.060333602448393364
18.3588703209057,57.89321003320206,528.5266111493906,0.48920081287347594
20.18027521045354,45.581940293822754,606.5361660792007,0.6603591565761855
28.921219401983862,40.550707458018486,302.23473995014865,0.26532198343732316
25.566216028852992,67.78502873688495,781.5490627795725,0.19307937356883265
15.477583942969618,35.421937324340256,701.6756389151979,0.04754182029924381
17.47041234746869,58.81063410019032,740.9569886900687,0.3058773569978839
24.322176022496453,67.01580101169762,113.46244154608394,0.29287059299164553
23.658428829062515,56.58662346137754,498.9105059203663,0.7348151077564575
18.56839232061763,46.922177606644844,306.2551693681827,0.5924973421921453
29.013209968871905,37.95963759701936,694.3200444549641,0.14843406368880274
24.209489339488442,44.699012890077086,542.9947598404738,0.7092261473143768
23.034492045374375,58.27487237680488,477.2139030247768,0.7445363861145498
23.848649645318567,55.981368967011875,180.21171877292397,0.6320851893620006
25.951830442751543,67.11904666393431,478.15596335033354,0.3284942022894758
19.67917493219403,64.674436546375,542.3329024494986,0.4011160330347513
20.973315933241377,62.64603009065473,769.1386165171432,0.43009954017965524
18.147656234626833,66.45803501403049,509.53570729670867,0.27004253681640344
17.792895088205043,41.05348610948198,777.1804212219581,0.30672995803550085
29.165585849759005,44.78094160558598,773.1242809246635,0.27128244495349507
26.093261925739313,45.1957561514407,555.1402350835183,0.5902763301255307
22.356882129263507,52.41802354839121,454.1355888826621,0.9280388918684239
18.41121941959985,56.72872918171084,426.2152206782345,0.5478703130392353
18.815347226555893,41.46866732161577,723.2649927810478,0.4109469777721929
15.870437404858134,30.778498692372015,119.77967808022973,0.0
21.51624938337181,45.96889534631637,179.6657386165001,0.7049084085572206
19.67693822991154,42.34111838217602,171.4502103834063,0.48768108458822035
25.445152332231892,67.68738876072192,629.8547275847384,0.2758266837928076
20.666277589387214,65.53060162176175,337.75571669677436,0.4360371400326155
17.694055163394523,64.41242713373678,546.5779813184906,0.2733034843026484
15.370180925869969,56.11999043780972,522.6480326897959,0.33708466616523314
16.008744471948727,43.77156658795755,370.07957881977217,0.37348145274303113
25.19089160247851,51.95397069597219,472.097405569679,0.7612353850213286
21.805452668340678,62.60900162865491,551.596973500162,0.5900922926491192
23.048688166630832,33.94441474891244,758.6652309146968,0.4150477143213762
28.450069395605134,62.04299521021219,502.94385100268704,0.27704246908402597
29.855084210950565,31.647191653124867,530.05725823782,0.012718340008645912
18.25345476597711,62.65684124857423,147.49907239264283,0.25642789241871
24.946173046501514,62.30255216639494,766.5510703320783,0.3786193878199883
18.94983565105726,32.040292353150235,469.6573495365704,0.3049690429294445
15.30976499198593,55.08642845847433,660.8913939019453,0.2930658147172298
26.37567980754212,50.09812297251589,135.20374420317233,0.5892652929000911
19.80025726233702,36.792780126868585,394.6370950159637,0.4634733659065463
20.751958412578468,35.93515750709503,279.88282140689114,0.45083465156684077
23.824756703304086,60.930365042680926,286.88312908201294,0.5607490599422345
27.465726828542856,52.70770995347377,654.0176109726506,0.5041075526066556
24.43472765386723,69.3199653966613,536.7067076881974,0.3467301130693675
28.08975983171093,69.28991109153377,407.8217182899936,0.12501667121187654
19.103130522234537,69.70667973857066,107.41001771047539,0.11773695454683375
26.970702508688454,34.74462073463064,775.4495600618709,0.16559270347135902
17.784539164589283,67.5302454785585,773.4162773490067,0.09337205622341516
29.29187485457917,39.78278436082251,252.28654719602693,0.19762868880863094
25.31232414581723,48.328490390344484,128.94246062158967,0.617839440809649
18.232615156703375,60.29626223286904,471.13955410833154,0.44803466695453165
29.210558857333865,38.14483728308928,765.9875702314853,0.10578007004950518
25.962837101552367,52.652464222173194,737.2770920354544,0.5660339724205341
18.809124638925386,37.432669929039825,509.2640047225776,0.4115374361912225
18.19967966051223,34.18944426725173,312.48419545759504,0.2525643676000111
22.773010708959948,34.66234449718394,330.9726186384372,0.5416781930886673
15.384940770817973,44.305561393928755,728.5394860402193,0.250663902407408
18.112051131616642,30.18619347348734,444.24882494490384,0.20938625749015194
21.370282031272595,46.99415684806758,191.7813602770019,0.7265781329422445
20.612549705013382,56.56788420324596,273.89783318152513,0.6261147005776122
21.953631365472162,46.06752740015955,293.7564310272494,0.7908619098579659
19.164430594420978,33.4317840207934,186.48267945233653,0.23793886845853673
23.80176519687253,32.50755448094562,424.13106706490396,0.463585976072569
27.95783408884847,41.12466051059447,741.2356357924937,0.27557727074996663
16.762977839430498,36.77250762174403,568.1477800945827,0.23058369884154695
22.760686607311712,68.60379892871877,150.7317469741993,0.37501722771086854
16.9810215951773,36.0492089989634,103.84637246641391,0.11846327058895922
25.752895217888906,62.21849749619986,293.37336722847806,0.403093770558828
20.940895542109406,53.44431766964579,353.88505435575826,0.7641827393307957
23.481319677877636,52.771476799371776,643.724768332743,0.773041878474938
17.749197543211178,50.48322863695138,776.9038667512566,0.515530612313505
17.172716390150658,68.87052304455804,371.29702139648055,0.13560707437060737
22.320844209734318,44.55379100366551,580.6830208718028,0.7896710458016385
20.334191067749334,61.51663003815505,796.4313351470743,0.4027296844450916
29.106479178792195,52.21176429867839,621.96660871251,0.42238508598855573
26.479878807104477,45.82534670502905,545.3326843600912,0.5849118974568128
26.229954297758212,68.21863733223124,154.652397924813,0.1552287315697729
28.555796096189002,53.93263877458749,326.25064083631116,0.43903602462095603
16.25133653163028,34.75667768584054,739.3745109200098,0.06454199143564665
23.2828870488361,46.70156803987426,240.70383717663398,0.7656818916347519
23.767141034336532,61.26326910726431,690.5132514912457,0.5194120836048874
29.429045678208436,57.74988092956855,587.4265795563538,0.2788753698533889
19.38221290188823,66.65361319346297,356.4270595815282,0.33124865389955926
18.6124316987317,40.37509536566081,470.4219887988596,0.4904814074860815
16.504409133982467,60.327748654152956,479.9645281269695,0.3278314029940693
15.246444443872113,48.39500829578084,599.8376495517205,0.4049535752946998
28.942939751882857,52.94438987867262,461.5891587694373,0.49134228920792866
25.04874819886365,68.20186724025132,193.15319312891637,0.2527287691308625
26.777293680347064,69.17145279956709,641.4182700653388,0.14440921081371427
19.225951586309236,64.46363855702253,384.39074783428316,0.38889664079709196
23.796152492794903,44.363883509211846,774.1657231483491,0.6183222914733268
15.959328991814717,65.50803342909279,298.459647605124,0.10409235782467285
22.284413939019345,55.54436710565652,284.1551462076092,0.7680446783920715
29.662427096166702,47.19987121882852,333.45517697262784,0.39700410595132707
28.14757867974886,31.42970730001935,500.6219111710378,0.13513176519768455
20.072384277552686,60.80512496766329,726.4088181406876,0.4364075809116027
29.42355231812248,50.08422322896452,223.39714809801035,0.4284181447810601
18.475524397068067,61.44753997860243,295.77515831945414,0.37207272620588383
29.239782336235223,59.920911973730796,507.1758902035033,0.27543176385842794
29.12066557059748,61.74269472193408,418.0339695130606,0.24983300796565433
26.988038810285875,42.026046347870675,413.1260210790077,0.4838895337629503
24.45671905300187,62.03194396270524,674.5139834674845,0.4618420433667756
28.114319499374204,51.95385313864669,746.7148117579528,0.4355729374050987
19.39530426761695,48.93304801796573,436.9148762489173,0.7601154736469006
27.734153329693775,57.005036552830276,581.1462568130917,0.41347993238390013
24.268150378762858,30.854347317533932,660.7410977191757,0.3031290873450265
15.198552866383492,34.09267263550377,462.8564872710147,0.10943153685077245
20.208502768983294,41.68709460670088,306.0214862676147,0.5708496860843201
17.222112914222475,69.31960439831359,546.6592184055986,0.1191225517495641
29.727440847273797,35.5898311545982,509.5763702142415,0.12954668894468213
22.17555460559982,43.22385203036841,731.0939738177273,0.6751123345526616
22.46087048247994,32.04212258767694,136.6849257388992,0.39924677578053824
24.592087745980855,43.25075521170905,737.0919709934267,0.5550859015161803
20.528769091944262,42.813051460433265,474.10241971575175,0.6774335499186626
17.053504075283982,67.87228683778088,110.97328123493975,0.028651806091048226
27.331765997913685,63.80616347982881,341.2915251374517,0.28096223939929676
17.84771867854137,45.310568769710855,607.0334947127238,0.4978342765204228
22.66978473819684,30.990762321569946,441.90316155508305,0.5095944381380704
18.364755434621088,63.24124455981513,786.1113262086947,0.23323290249903028
16.467667267410512,56.42144708578161,395.82705168173396,0.41151166529317684
27.93287276132525,36.09457934605239,328.6446607382054,0.2323847094382956
29.593792335346954,69.8428508404075,675.1703541006976,0.0
29.412519870945005,34.009337496964925,483.534689550622,0.12342987957511242
28.598332488317684,64.68458166374651,577.6286053437912,0.16555443283097193
26.61070999047958,41.77064656518756,663.9916366270743,0.41831805208482453
19.99717728042963,47.41413865300628,569.9992822879342,0.7113561029785922
16.21652084981995,61.81826107105259,395.6852463380652,0.2597806948012368
21.10861757120711,57.100334239760414,187.35751352601045,0.6046649647178971
18.48351213256414,67.51457497776157,506.17371659991034,0.2676203788698033
16.987314521369743,54.84561301841533,728.2033287104817,0.3788695337211797
15.80140772680238,33.91240645916211,393.22469856289047,0.12420148543868315
25.88391546315868,65.374414529678,737.5076643899883,0.2531368609331911
15.171411879375466,60.76622099954364,452.4694738476814,0.2410959937089726
26.558711227541643,58.47481803573288,534.5890937097336,0.47726827978974284
17.204199681005626,32.149341894149416,683.09193323895,0.08968403406889613
16.192831238801336,45.84890978646976,495.21797674850507,0.4542124573682592
16.34404551357908,36.69743277838157,163.67853750689446,0.12069530012999896
25.08071711030872,62.87615633631476,786.6855805602765,0.3457218173047515
18.680508147792672,58.02114491271451,272.0945113389836,0.4601216876725932
21.308092000201476,65.3231038927654,597.353730041139,0.46729342648423056
23.360531869858754,68.66300427696656,453.5794070324171,0.4743516222126728
27.908267607431906,60.989904567699945,435.14084577239566,0.35762542425127697
25.905663940669925,69.76932332883048,270.75857320682405,0.1933695936902069
19.05491857858072,54.59079544577195,605.5055359900728,0.5815077638610477
16.972241989366914,31.48518415565791,178.95178538169108,0.03954182479290447
15.83061480631797,30.570060606011836,793.3173165530396,0.0
19.523979517214137,43.68415500815155,691.7614759750427,0.5285779973156632
18.931772238595173,62.93886876270149,474.15625800405445,0.42714345017021016
21.842108502007193,64.64538825298925,397.1870692406066,0.5648568458284181
25.249220033215206,68.43250115290712,300.5252427219074,0.2847276797829307
25.43438168458286,32.60485874195274,451.1140296585373,0.368965532596372
19.2527826987325,31.78284443950656,715.5922234169176,0.20161747022844123
20.69890433850181,66.53134385468135,292.5044804904785,0.3916454930999813
17.717264426053546,42.20186793451447,450.3762211621952,0.4860185071653862
26.82818268459778,52.31949602438531,264.1849314469216,0.5649837211061922
15.852721146498604,69.2977953200284,336.004379565466,0.020119564654180855
25.45495862587481,46.017941389436935,233.18235624633272,0.6002047959853802
26.68043093911655,56.63485593239359,793.3774357448315,0.3919201411086609
26.661113427731298,46.03518254527941,500.0482125237189,0.5996395196290802
18.891338465180326,60.727786578511186,612.9705868256868,0.4136228585370103
20.60719706898842,51.10858902291463,168.7749394164257,0.7121817168437079
23.813994527945837,39.500925519453986,356.28228505202105,0.6052960194813991
19.092328536367006,40.85224405033865,724.8478621331251,0.4132480693338261
20.56279198826833,40.32236850153629,159.1068284967635,0.49039145389761185
17.955814202784595,51.29281313034243,215.8382598377292,0.5532283613736166
21.897838256340112,58.12756064062657,537.792327245818,0.714860997623287
15.669184518811711,67.97119600172569,535.9522958729576,0.05440273650956351
26.99693826855927,57.76349500331919,686.7589311177508,0.3933743921950924
16.15434670479949,61.24771375849562,754.844934709995,0.15059934840043498
22.78252723247289,36.75704463458263,199.39053279768464,0.5307531255081276
19.602151493177942,44.96250500029303,281.56167296889964,0.600663997394855
23.663144232470632,46.55120879433064,399.2229839852791,0.8120577395913091
29.391500112501376,57.45520920001892,100.63229986487474,0.18782085767318524
24.68355366684006,41.83567905507495,148.87001207178645,0.5069264995741015
15.530436536332363,42.13167685678664,258.5438945587151,0.2474847831554975
21.45603659262092,44.235566185634724,436.7713748110682,0.7799922488208666
22.650252784773755,62.41208326172929,276.065916718029,0.5968553121947215
23.04266242055178,53.10360360173395,713.6773245561336,0.7606717845121833
25.220887659057567,33.011091193309376,326.9910128794078,0.3353090610762337
19.163941465976492,33.129843987618756,747.23596849984,0.21430126004135874
16.932908481994804,44.85147777129997,782.351082514297,0.34188508950391616
20.890135148206415,60.66364202424633,414.90307373530516,0.609371803910129
29.34608584193923,57.547337059147225,258.9901718295265,0.2639537896918117
17.806963376262672,58.319294186047465,304.16629339610233,0.40970391490732605
28.559759323923558,60.68840264216388,643.4335771616123,0.23669475179785038
23.157089251159896,41.486108515453175,291.3447954548137,0.6677966654065334
21.853671324686488,51.93025127768352,366.4080075441992,0.8688494290104394
28.230621153448343,51.73410561267078,435.00310093729485,0.5674645689472908
21.879059426528787,59.585300047197975,502.5777815289889,0.6939344217653084
25.86251454917315,68.27482276422586,797.2703082108667,0.1535949808490642
20.98537982554653,41.119597791818634,262.54682861451465,0.5877518515530986
28.56066589351437,61.73126691028193,347.39659227371817,0.25381516875805
25.35037530286841,56.398821940930496,284.0238239073577,0.5709681569556806
25.49433081375775,53.2095148345384,352.77940565059725,0.67384455376726
19.915806023356783,60.995191173896075,170.5631618262344,0.4197754611745905
26.351679641053337,67.76129865712397,351.86683706873305,0.2524588132486939
24.540915831707117,31.46765671477652,721.5055220250719,0.271342018600809
18.600304100695645,35.89600410052883,309.0128934925143,0.32028365850841334
17.408082337278845,60.25148926004463,360.3543458943482,0.3615631842671635
26.945872117759976,33.35165411640338,761.1319151065543,0.13924182358010795
29.387499045528337,50.64494802964372,609.8652974288077,0.44858336411472843
21.872082408900642,38.79443106566428,461.71710037263387,0.6724200322956335
23.864762479855273,40.971828153710064,644.0349098824084,0.5909139623845865
27.86583966290332,58.07361931777665,186.22575419815274,0.31483008914686395
21.858351800307858,31.207710930748465,425.1432472545896,0.4755796776961829
29.278117152491042,64.93277711607615,182.7652901151064,0.04755147151064876
23.636267430673087,47.7791582140908,263.532701513706,0.7799338416472577
27.311506810519724,50.09573175628404,199.30708181818102,0.5574620053050037
28.632655776191076,51.60191854774767,353.26086741839754,0.5050420642832829
27.23285728152853,55.821771783179756,367.1475242771481,0.4994783267839127
17.39121695173434,43.794263464909925,763.1160072832686,0.3551681894606238
24.433476585925504,34.044299622539654,284.88801183127043,0.3935842952309674
20.976513879295155,42.73515746664707,430.7001917215618,0.7076228103913593
15.940694280350186,36.72568472091281,667.9655827744407,0.12706193539167043
21.36048377834763,52.245327178018954,670.9323105056632,0.7626932102938142
18.880261003341115,42.72114523841546,625.2402309245142,0.49326496883812065
27.735574626427663,68.3226871197374,301.48363349805106,0.12217243429141189
15.499569398200443,68.62937111921123,446.4801335879499,0.06589422170353454
29.384740827952104,54.80503522272966,230.34811663070627,0.3162952626305261
20.330532727078946,54.699890706691434,231.87966594796296,0.6340047550655786
20.350603356038143,69.41514258268424,405.08884919681765,0.349942063548207
15.244927540255619,65.49132604940743,617.0145548700588,0.04951461103420829
17.77848487854276,60.602797966325596,468.6089819984865,0.4113009560787648
21.01889251205413,42.54362446970805,720.6782545932166,0.5859557055971591
28.939371259540707,44.62156112472306,681.6361584443031,0.32594467822283735
16.49422395331907,38.05067063043462,122.12380997428389,0.1447501769222721
29.179523002186194,49.48592507669498,497.8933300063512,0.5190402458162229
28.042327958199483,69.61474088558319,526.4128850489501,0.10375585919524044
21.812435953613278,66.48603812046355,773.102601010057,0.3881530624626027
19.900513226523902,34.733977360778766,116.26563869620321,0.2861291913573498
18.49116193918585,31.007611571620245,471.77263967804026,0.24756649491335325
24.216970597153114,65.94550673633066,243.34695335509667,0.38849141242681007
15.496118872132584,51.48680511794829,137.56403440411236,0.3471254322906613
15.234090966702423,38.00759552833824,511.2419673122063,0.18663311107804315
21.431935837473567,56.946130783385414,640.8229005429617,0.6642744050360017
16.021111109620804,55.7689271171928,642.4058144576315,0.3322290796365043
18.779114823691394,34.88342427345869,121.20188710913474,0.21745606513452898
18.31741373019126,40.38400933990478,384.86248019011254,0.44974328226756644
18.79786790584278,32.40311857253032,131.15673900403436,0.16143903375231672
16.965828468228867,38.39441895480568,273.4870528935388,0.25686192074898984
15.180543343464814,35.292226994122515,235.01649193056383,0.041968798670033225
16.73226445708122,37.729451698982245,250.62780546951006,0.21378144936069
24.27720389269122,57.41868583652468,337.38288982417,0.6424253992523113
29.613843192270757,31.97998977044271,294.1926292851988,0.001049545388350115
29.85517502341341,34.07418460992866,773.5959379293188,0.0
21.135811430595922,35.366945523131506,346.68498400656745,0.4940301067878098
17.44431639069908,42.66164483832536,725.9207607050804,0.34810470857374864
24.58142636049794,41.950012434077635,226.72917006464758,0.5536691106590532
22.354580198231055,40.20255141266558,634.62280703175,0.657453509469305
29.84114665926647,60.02146613729665,142.94187521724993,0.11383541462469993
15.979563107276704,69.92091151032403,423.9328606285389,0.05486849588345988
26.748516574707196,51.35911694515183,103.85730816486816,0.5179577848025664
19.325977459972407,67.76810871655769,667.2035341486052,0.24076552506107285
18.62127930114861,45.864404485042584,765.3402252264488,0.48786672019004407
24.937568572990138,34.267297872108536,124.57515957900196,0.2892136655457528
18.69094777486447,46.35095317879349,753.6924530313202,0.5102215606363636
24.987886763387813,41.84511093658773,641.6977240439471,0.538984025358388
22.75962775803433,49.73627849156713,351.20310515495675,0.929052304684488
21.36133482653774,56.28174707665693,736.2135858559636,0.630753127778491
23.320317129921285,48.44200876609633,307.3800898756307,0.8384481675746229
19.305772798794447,67.40642048311302,386.5067185643334,0.3216561119200583
25.598620594094683,65.39059289197519,167.69788353441515,0.2742308921583153
21.22285304000346,58.079103806647886,559.8572733301007,0.6605662868673189
20.408183407288384,49.58739649458197,120.72058011959032,0.6934307490978654
27.429853718336066,35.267491272578276,439.43369263932607,0.2979987923250649
28.87450367929788,45.880546671105336,578.2342951767737,0.4109828047402634
15.690109663309453,58.17606157604695,674.8663206643777,0.23452657116975284
18.489404892446483,41.39542082214925,204.9589727351635,0.40082630992405077
20.227790542388448,34.159523101736816,627.8632563741022,0.36781065828641113
27.224497190553713,66.31593830042513,603.3539164885207,0.2041093886007811
29.78237141464946,58.362032392621785,491.6993738838489,0.2856009178345632
29.534575570055274,54.611057065403884,509.2512184515048,0.38753700276526326
28.574225183248902,61.69995622435666,163.88950459974467,0.16630965579341594
19.448343975960448,63.42584150333903,520.3297302682662,0.4274198797337607
29.88016865121711,49.33835992684094,367.0655449495826,0.45195515711349343
18.741300615846768,65.2475300563776,707.3065959391529,0.24570483919979558
16.588592323233485,66.65676042804421,319.16921721519316,0.12718677142645718
29.26428916583091,40.86204381699126,503.6165541544673,0.2950667919148793
18.501303832021446,54.30181439163177,398.5999797908361,0.6013986955777002
25.346523976166257,51.06336115281877,713.3833567752191,0.6582270600183425
15.87534538470883,51.5178311660761,277.7416668924323,0.43838280215841585
25.960636486912144,67.50652375858249,155.1616522166223,0.19122859367778156
28.225803185007596,42.20754810772116,624.0590046881977,0.34058325003147616
19.086553431989437,69.33735912938305,389.02763183582505,0.25996845620082687
20.685853441161427,66.08524859216928,512.368851388404,0.4472262282310995
20.61444274981374,48.348915544540105,118.47253219934578,0.6751488491722024
26.231823863101997,62.698130544726645,766.4768539781815,0.2830552150425667
18.567108638085582,60.76187977280562,714.3328641694835,0.34288745575723933
17.577796485714646,57.115798784740846,536.7075304040943,0.45266882923669616
21.739374730316072,42.793355575326174,111.92088947883263,0.6081354854417652
19.567026110659793,37.85803967283816,364.5835317880136,0.460244890525899
27.587836833879784,56.86110787063033,785.1575764195043,0.32968433506153993
18.56612739023458,63.71893185604337,576.9312511181643,0.33432507670114286
22.53584186233892,30.650111547094788,212.6915029193934,0.40085928495924805
29.138753995468957,55.71213501234048,422.41772405815044,0.40147860787839096
24.50996546616991,47.714920984888494,776.7164206904401,0.6532960789297231
28.009341081936974,65.92351020507934,474.29572209161535,0.2230534479383538
29.10314534032151,42.85891723416821,117.23016962087719,0.22280141750937932
26.261472928295277,48.96739249054487,533.8404589931845,0.6834959222852773
25.49362590337127,50.59068416140745,289.85157165181187,0.7093966793837823
29.519483499063405,35.61758085484212,169.19216631383307,0.03875593872579408
29.916011844715193,58.515692107956255,382.03591131232514,0.2603430558973785
21.777325240046395,63.21905380483838,490.9661682025714,0.6018376384047184
16.063046672763125,32.31637107585041,111.9285026334619,0.0
19.391910471607783,41.65555282147611,491.3327660451632,0.5645005824321058
17.285320585315958,31.521787261402316,457.8422027877462,0.18666500494290938
21.262295621940176,68.26176418752969,655.7358681691321,0.3629728090748493
16.96933992709884,56.68675282815294,396.484871770778,0.4386371133745649
24.06176706031323,68.56801677819126,487.41530076892036,0.41386496663437433
20.74212088736781,51.259771133252315,619.4065128399884,0.770644012807504
28.430788264323148,62.082740955824555,728.0021102473619,0.17016363455552774
29.516920076977527,44.9765593551896,366.02420321658127,0.36663083742246727
23.203273525041332,44.15276130290564,521.1434470482026,0.7730562989755033
19.122353548013947,45.13071268420531,586.2276323914673,0.5882210858339352
23.883456281427552,56.31448534905713,130.28947350953732,0.5976643396591337
28.451417373366148,44.37812604086609,660.5323559402943,0.3624384899685309
21.101000187536222,66.01469806416902,364.20112965077567,0.4655092893033205
23.281174150379563,69.33099460200621,569.1672590105269,0.4079005444433371
19.074791514092187,31.217060613480236,430.1648463434643,0.29263397167813476
21.831662241750404,37.74493161609986,591.637399884195,0.5816210589552877
21.02570303069398,34.48999970349544,607.0316854650453,0.43918653488839166
18.726201976244564,31.69456188365773,234.09970944052714,0.18796785000323657
22.587995757379623,39.109639733891456,563.5219640005154,0.6678165314264946
19.65571238969717,47.87173281476325,695.926406517461,0.6400663337215302
20.595522958211212,63.47961461154735,264.89704035348234,0.4479002320937221
22.874556633813963,38.872961220399844,630.7284289257145,0.6107924316244393
26.258925343934813,49.75781022648805,543.6775792086565,0.6987418616814725
20.00261198686913,67.18474957787018,768.5882241307946,0.2521800481869998
28.862381499311454,56.688588271467,282.17260410423256,0.32870871902314847
27.934778202538535,61.9231607902399,207.99444436060247,0.22436169262743466
15.730354439632928,52.039758807419446,318.48471069718994,0.43506999755060904
18.804637863852342,69.2186583536252,280.57114473854307,0.1924956581488323
21.69203268988803,53.546486187258964,629.782932331459,0.7718624378198904
16.56941833113711,31.82042855850366,613.1765126927588,0.07243550142279953
20.227139835502456,37.91931199759179,568.7794305987336,0.48989715535484724
26.10146288426524,46.19094515828592,251.46538012094146,0.5701358081589614
25.207717217142388,54.051086902951056,703.2647652073628,0.5976060771370344
24.335766428490075,60.8772346963584,769.6000891012494,0.45349418540539244
25.657926040835186,46.52344503615545,472.1240726760511,0.692022450478659
18.073855304395526,58.40233220062755,554.5609114405701,0.44507447173421766
20.125471722970982,61.594780124365,450.4844693143935,0.5515979120820864
25.143637234161943,42.69040788999931,298.4904005718227,0.5688702866733877
28.188521445469906,69.17080960143275,300.30332279762297,0.07021086493172224
23.155170807421428,55.98625980943342,319.3943659144392,0.7444722918477071
19.240494764183047,65.23992243144525,233.59500291490778,0.2986515915474566
15.45352887008974,52.23750755234427,731.3465428405224,0.34032302498760336
25.6550524346132,59.66412428609295,700.8786938326801,0.4285940191912343
15.118261552626606,60.82176246465461,423.14755292318574,0.22455316233168754
20.590186047314933,66.32993516938316,357.07598879211935,0.42018116143980677
22.958058218441728,36.01399027485481,757.354849582969,0.47345309012622216
28.831671926507894,52.33133696676994,255.66142846296708,0.42706293714116195
16.342418175493503,47.13514052423425,487.4793716267611,0.5000257383164892
21.089134829524255,66.92636084694962,138.14870887951383,0.3342826859752641
15.364697995652367,34.203787769959966,233.8415379122143,0.026475292964973307
20.139164765123855,69.30295554723651,522.8188533516568,0.3253614512075077
24.333465882596926,65.01805296373186,563.5285569909188,0.4482563994521852
19.186019223428975,32.95305126256994,506.69707307126777,0.3258956235684337
18.146249244834525,49.63865542161898,708.7209911995028,0.5775158631963462
16.735548499906404,58.70238000850104,795.3836545759228,0.23367532617365194
23.657103660305125,59.52606182764226,634.7032895070379,0.5967542629042981
25.429050088570293,66.25976500951683,425.5642489006312,0.3865997969053129
25.079357108937337,61.99461742329244,683.7542686178718,0.4168658673371657
29.232915310807613,42.43721521376358,184.27117591620114,0.2355318243455825
15.04054820840254,49.937391434498096,578.2894875121508,0.4400477676073118
24.70794980841054,58.071430517434166,462.83645121740375,0.6449049873522985
24.005883556464592,35.53747365457406,224.64612037900287,0.4307332330186181
23.831094149554325,37.75963190400789,781.0535320961498,0.44760664853650434
29.441554797603636,49.241697924394906,336.9061938451233,0.4644179348625461
15.253075100550596,41.92983194822051,530.7963841743683,0.2766430034210914
25.44723646052175,64.50236999136379,715.0159662674664,0.31476024033947114
27.20517974552795,53.451092860824716,454.68219074037444,0.5978144141392453
22.64710794932376,43.946607908734705,180.59649512350228,0.7105706178222608
20.009473043952138,63.953321024176404,673.117359043103,0.37888548254330245
26.862602448411074,62.19513794216955,347.24963694116036,0.35535264390462307
16.45864388448637,69.93419508397078,788.1468082242872,0.0
21.630534565948878,63.892307533349395,718.6778125111906,0.46678613391467094
22.79928561856257,46.57826139222719,697.41453334427,0.7766877157851892
25.409346164018213,35.09995527079954,349.3772242765296,0.38562686334807406
16.363285980486143,63.62563632801911,629.990844466346,0.16453489789557663
18.416392523067913,32.39031671841576,790.4303441011122,0.12540773183105858
21.154523440351884,44.01084829379417,468.4251283659319,0.751798899384536
24.34942009530196,66.78951923085094,429.5125084686621,0.4472113978603398
28.304411718261264,68.43065893780403,110.26607468044956,0.0
24.282392523620647,55.62258374084874,590.1426381144554,0.673874648659093
17.001922064024015,57.54593267934854,700.9342980212979,0.32532063108393616
29.708701991809235,31.6981795490209,273.220030257281,0.0
28.076786021332396,50.579213643581916,320.51720398025975,0.5520754498598447
22.54081141717986,51.87472715225365,450.4739149283095,0.9501853862729492
28.835219726949497,43.604029844964444,150.4561101530618,0.27511281678131694
23.120711906357037,32.74387339015537,162.7497332691159,0.3904301996963274
28.84959101833745,39.156303988975765,394.77753122165655,0.2793051181312578
27.44846052905015,44.319357474447855,282.85326689239514,0.4484928858256604
29.524296154414458,47.40567946065319,384.22611177293794,0.4355346770662887
28.796742161672377,53.63706902134277,418.07040866995663,0.4740858963882517
15.540507261428543,58.895660747929455,783.3913777173827,0.15488449981729369
17.6215800624141,42.70527493095784,760.9818740719861,0.34431727073394025
20.837020156517788,43.158150396759325,197.81110607783626,0.5979984875334243
29.28214045943131,30.787665708948147,717.8101816125725,0.0
19.500433792138942,31.634994403760732,156.14466363105498,0.2009726670133073
17.407014658314015,40.312867772341455,455.34482880242786,0.41574418162355276
28.2945699912984,59.60979990699826,214.73693007683573,0.2614203029417387
21.695916232248045,55.13255321495649,356.12450174985383,0.7733779668949355
28.618133915314893,60.791560827113386,620.3381579540652,0.24122197641828436
17.40345699480215,60.75677744859287,397.1538355497949,0.36614618989093817
24.916762672621495,64.26269870677206,664.8659012999336,0.3799979249654878
21.603956292442376,58.812770639475346,603.1709977262792,0.6470059164967609
16.147301535454282,69.16043676003292,759.9876123477113,0.0
25.446947169787506,65.95300877207269,473.9092144101141,0.3933262958503897
18.710981333087304,53.46868664892937,661.5035677914567,0.559965604653321
15.594232838692767,53.52630681964687,326.0349744359363,0.3924268875340301
15.8991644737436,31.37068161408918,342.0220915629052,0.042793286965091104
15.91617805600181,69.94106310833416,380.3573245070538,0.029388780552268456
28.615994362275593,35.26303989464567,387.6410140086623,0.19414828464713185
26.098258767436516,59.61388786526368,172.27725446618217,0.3875199590946319
28.470935358206027,62.84060780497236,463.3692575323045,0.27455613455133465
25.08873466944782,44.92218117220813,167.7622534883179,0.566073291098357
22.934098935463247,37.87408218661255,722.8334950738348,0.5379914136945092
19.566695465210675,33.9503954716222,143.29134825630518,0.2571545122123643
29.969433769930102,59.94424023318311,414.78610121651616,0.23666321961151848
20.432835884090842,48.10614116822783,299.2858464733014,0.743073943608562
22.05973423820864,58.548710360045426,208.40859095813536,0.6418876620976001
20.673677623851926,66.61630595407203,648.6856835895486,0.36822529579092356
29.69290394003188,35.863349446042264,600.452679243668,0.0954126738424228
17.619875780925085,66.76684002895199,202.1635231270592,0.13747001473171028
19.919820013621194,46.46505838033747,542.935948774417,0.695359246714413
25.20522999022502,42.21068039589156,654.7886171313122,0.5273999547721389
15.94811427507946,67.72249042411116,641.3325542589208,0.02903461761255599
24.108740610173115,69.62606770425597,164.5957183643531,0.2661921326031802
22.16469754314624,37.95568871069793,579.8589033320434,0.6147011476286054
19.259999651431517,56.273533878079334,601.216744618504,0.5551536561822588
18.57619921386087,34.25981255084241,703.5163869294191,0.22418650568110932
22.71769114948135,56.03656015430023,455.63103720549066,0.8318918065554085
20.51891370805562,63.09252911103399,422.76580021235014,0.5276456861956441
21.84779836893983,57.3799418609627,775.5814274436289,0.6169825697654312
20.0621607264636,46.693325682503826,657.5585790171275,0.655973105247251
29.55740540393966,45.32265438255078,491.1116935645423,0.39299566903229566
17.00159147618406,45.72489660893668,331.4319499178956,0.4701008707394476
16.452059297675614,53.588472719716925,691.6665972024575,0.3920128031842809
20.15087593186374,65.26269080289983,418.80547262508327,0.44696992187322193
23.86540351305737,67.16264629075071,164.87963451071244,0.3441353392467944
24.887647077750422,32.14118480829272,418.43299089940786,0.37932123926176975
20.95885120752063,37.264895785827534,710.3778773051024,0.4548896764303483
29.989169908832565,34.48897263313154,413.79750282611184,0.09570703753759935
20.278394942895638,37.73338563067656,110.04440341824508,0.38334401954007313
25.82110001939929,43.86431242436687,528.0397267415287,0.588039368010396
24.563740417961895,50.261267304904955,797.0810023879791,0.6906089550427835
27.19580794871191,55.178449080366086,672.0740088283583,0.45173538172988326
29.6433849518073,59.28568876558806,532.0665626327036,0.25255280186709583
28.346904846683103,65.60446165543229,740.0792207585195,0.08196183990269101
26.46842961536563,69.56353748919163,669.5071771557433,0.14182236119548008
25.473727167274358,56.51425914228479,449.04754691802833,0.6384414945379364
20.032472545138496,63.81458074671052,513.8541997851673,0.45972688920567617
17.21528367310061,61.12155387698796,611.9049664421138,0.2925491282143352
15.939540045897147,42.30128156874848,692.4983147852053,0.25469265428556687
18.628525563022272,65.02769080939692,140.72348166369798,0.21893490142546568
21.484222217719477,31.710525517911954,642.3627000128057,0.3834433334087137
22.829944104449737,30.014693750058314,413.25240798474135,0.4608722167808761
26.596253310823073,40.94930517553857,562.5589922110785,0.4470495552330791
29.381113845848894,48.48390118509799,635.243107671195,0.4151456029179068
16.759807205772166,55.534515800027094,477.6513475192138,0.4657902770416509
16.605062102906874,34.07081066178179,210.96039540627933,0.09494602359846938
23.84542084520326,56.9204053533936,386.66878206278625,0.7071374203243646
26.180971109209395,62.07263468238778,153.81109562666583,0.3117437235771392
27.722255705204773,37.412516783174674,582.5104838086847,0.2740623088472941
29.03748120325183,46.60501019327175,767.5943273741584,0.3280577806273106
29.75139363390963,50.79939959813239,656.6769685569309,0.39817116371131933
20.997025383367887,48.07228072337922,372.8504959509831,0.8148708512380459
20.705027752913598,61.99319723553883,509.004047203846,0.5524080873039376
17.217130150459084,68.42089592477323,312.9404730928084,0.12201983719356446
25.27401658025339,61.9581265603272,478.7319196884755,0.5024305307899388
24.851429376612558,33.11971271503298,310.50883404924815,0.35480649469653414
27.93093893776811,62.19742288636509,616.827329759027,0.25356024639012864
16.45886992181461,32.66385328942205,281.5390555909179,0.08363482968553382
22.466653617380125,39.4388154096628,774.814273303726,0.5790738295889469
23.716228945080946,36.123875873428915,563.364112521472,0.5180320564391494
18.623355600598778,37.900764273843414,148.14449337869064,0.2953354294472851
17.53538109193742,51.13260508229402,107.5444344539852,0.47763620024037523
27.893712546294324,56.86759430443415,797.9324409435703,0.3030471912344912
15.878023833533382,48.81285129344164,254.35390475105547,0.43569139731019757
22.059313558771095,68.38782556116973,318.7939239200243,0.44844618104122214
16.73751001951328,39.611692801206665,245.88980994147585,0.2589309927317547
21.85588141997051,60.52560921019172,749.6712407298276,0.5512179402528469
29.699434895134637,64.80728714028595,556.4090017680298,0.09918454192767079
21.355595301832093,52.48264443018876,453.07042648927757,0.8601781348487167
27.85687376256851,48.24890007846213,490.35557014479923,0.5798806462927957
16.75973346274791,53.84737787116975,322.51099310943107,0.46042206650367945
19.068781151427963,47.15239080641372,529.922501654689,0.6620035128009267
21.056891110010017,52.20775529293478,393.7202544184523,0.8217989794956091
20.99718210013996,46.677358085152065,239.45970249692544,0.7164888076128586
25.070752180052295,46.01878841176536,559.6235697969171,0.6768845317206871
20.170771910632617,57.81385872558119,361.6883984814484,0.6073185156557153
25.706503026150244,33.71404852271872,649.5464653820131,0.28406221828556455
24.587803488380885,36.66168290915283,390.7764702566689,0.4991534926732708
20.987417178821595,64.04793886860016,455.7899625323374,0.5452055485243703
21.476401914814787,60.843093872607525,651.2265354266274,0.5648606211121655
24.217915497154813,41.25814909177575,413.5146650438118,0.6495520584573167
16.05063285216967,45.09075730663041,776.3547945869152,0.2919040777690167
27.336101075335357,67.04106026513922,655.1200670365781,0.15389053261745855
24.801317416704553,62.72308900695445,678.501283720485,0.419691478607509
25.89513696626753,54.57385199918524,767.7443266926093,0.5080044133679579
23.053845016235854,38.85960715211831,372.1954401902452,0.6475173873349698
16.657156664876172,31.770078852610784,506.0561849275196,0.12803566091295748
21.07553419945425,47.25031387367593,585.5142185569225,0.771762879873647
21.080603742728343,56.905085570298475,571.4209384784415,0.6749269490775507
19.815644850648255,63.13921962071406,767.0557561927137,0.34158356800502565
15.44925487357124,64.10756022969078,301.8440437148342,0.10671086378859151
26.058813638947157,31.311036051734536,303.95307003819437,0.2259755015722169
16.646766870937512,39.76628135347518,742.6030814274027,0.2146066912196647
24.094621995676277,43.56378353909612,659.5139492085917,0.6330179081901314
25.548262447008234,37.549288438375434,242.34963684871843,0.38663358918203616
24.52179484400542,62.119015134553514,499.03281466493735,0.5388893393382117
29.387133779669625,60.698630523397696,622.0346138674298,0.19147074023830646
16.54947232627708,50.673321615238834,347.1254733132564,0.5374772448533375
28.007507386577988,69.31705911983423,404.06757585497303,0.1280337799727419
15.437853522733699,35.76234164363369,502.7776281626251,0.14811657205279116
23.023752823906257,65.98606813310676,426.9759902837474,0.5544676275946508
21.063654269088882,34.658530166476645,627.129673048323,0.4363594087448307
22.862757905906374,36.52726822056483,104.15712757814882,0.474310763014719
20.476498155900146,57.848768010024756,404.24276707373537,0.6470915182730743
17.85850372410102,34.38278768166757,336.3069627302101,0.24599706542471445
15.286843461730347,52.63380381674843,526.4148369808788,0.41688978442003677
22.772247206867615,46.80934145890615,643.1709093169518,0.8100975753876928
27.641652940272635,59.1389586216406,153.30161354107116,0.2874642258413195
20.59823933617191,66.0270095523546,210.6418135208347,0.3585606281363265
18.3429572702247,60.79486058676221,565.5571368994233,0.3979650952985804
16.207980052077662,63.98759505684753,616.8817087107918,0.15137464671218348
16.27966384678055,31.317817941249295,511.74124395518476,0.08885577929032396
18.320946694391584,42.407819929768124,787.9623442775485,0.37065749488099986
16.500210913823327,50.617323467453296,449.6230423746022,0.584401470604081
18.97559547546723,46.63813258519118,195.4046345683505,0.559757124693476
15.992241931754322,39.25019811918754,580.403742259756,0.23530739497294995
15.984073008148885,42.314963918400935,521.4528655363587,0.3394537911050164
27.844142694341727,67.81723881566423,513.2950325211843,0.1681523583088581
17.4318039106325,41.76723519485407,482.0975446724787,0.4410165954980523
23.39523608735172,44.156164407191426,757.3669966846772,0.6478564678398246
26.60183316673546,30.148390950000746,190.4094777785906,0.1066396949098406
21.846143480086,63.80310509111498,151.23810896748486,0.4690643709028516
17.300533167890187,36.19362813606307,207.88201856412385,0.19291530438669569
17.993942131801717,38.165771020549045,271.4931469334653,0.3187371542688241
21.49476309421771,40.21058068368102,515.0624236055285,0.6572666168943831
22.923511337678036,65.3848822737937,528.6976743677141,0.5496687709443768
20.241604380728024,38.25805644985259,262.821314219959,0.4667589957805445
26.72219400351992,61.901054434717594,442.45784951765626,0.4174025386677114
26.265324732845976,62.32197361291618,437.4432969374144,0.4349496284099421
28.908177110596768,67.08082275145583,417.17753639965747,0.13013787926889475
15.434288235404408,34.62245254401256,662.4817064388607,0.04333209765638846
28.43536936815305,38.691158893513254,430.1851489129423,0.3121520377528385
20.888531826932265,59.71593168322885,630.8558471693162,0.563548664396041
28.175587430699913,37.840030171229564,216.53679226335865,0.2064553028356776
25.361771642347943,41.45318187493796,472.37714085121763,0.5848889893591969
29.810231356109522,36.66966320445451,676.8733432442369,0.07135789768299594
26.38923677575002,36.90786744620197,224.40160874138036,0.3059864290771337
20.4681693899518,49.26213418512823,425.44551808836366,0.8344053701908799
22.515947592521282,34.38732248451834,526.3555212250017,0.5722601172663009
20.645837327915267,42.86790473854489,229.34220238610112,0.5930116319370691
20.473677540318572,47.06375638395516,629.7359241379821,0.7059172103163162
18.913567490715895,30.981924660959102,155.2973734574222,0.145118031837143
22.439554430602044,45.533326658978105,762.4908562354032,0.7354982922120159
25.226099176040417,33.76489744342068,427.755045952695,0.4017896557555344
19.16010406957865,49.74314124584707,335.2861604558335,0.7162931645732457
22.8656971661583,63.02952754228385,181.76490501384825,0.5221510027532307
16.760704412558358,62.73688648727149,402.8176501475053,0.2764903463447248
17.39767930281287,33.21794062149602,561.8628205735403,0.18702579259466778
15.702095320682831,54.04911030698081,166.14109539966887,0.3104076900851299
29.56097164155949,63.38345527884946,314.388366617424,0.1301052069807137
15.057905272653917,39.51890171738541,685.2123079408977,0.12982703352065939
17.678699520864846,60.47706045798397,552.326717918829,0.3679264480752815
24.193001296754886,65.63057385800373,244.46110830033675,0.398493237718789
16.22054398279958,62.244966057617766,212.6368570551624,0.16221537934389085
28.228447546452486,34.29204126062018,733.1395183406299,0.0905761863517055
25.794302367634323,30.362399980895397,300.9141549386891,0.21844658212709156
29.4958495715684,37.668964396873825,225.6501182290412,0.11850086145016248
22.614533208611473,40.81909363786493,799.9748129798216,0.5961871208583243
19.506055247377308,54.64731962463838,316.4342794445341,0.6206179684684963
23.242508591929074,45.370927009692736,187.31813146655458,0.7096859983835014
28.9622807594696,58.13628122645894,423.23034082706295,0.3530267952915356
22.811421558627906,44.12299842086434,404.04157713893744,0.8104285600125755
19.00810547793478,36.177016986184015,748.7617330812317,0.27936496457347537
28.160981837611793,42.507593739441404,193.9434632334133,0.3133593701373505
20.578781227686918,65.37296905556539,163.7954842905148,0.3513066574997621
15.020750249984987,68.34129376980259,165.08506963467607,0.0
18.71527533738474,38.30050936269474,733.0012260755655,0.3204352679522723
19.773502637655938,61.53873548097765,414.558424572754,0.5128881814729803
27.881662023478533,40.93394946159483,205.424569708658,0.2981067776930436
21.877547505996674,65.48526173725631,515.6810688655034,0.5400949241752735
21.66880931716951,36.62182451185022,476.3363489555825,0.5975917820572789
20.04153399599831,56.63839674776227,238.88472342422952,0.5696112636221304
28.210171845706192,33.3684505885273,522.1266975984597,0.169187095190646
29.17540165410587,68.95573295895478,338.1618640218619,0.027823643858054248
29.878354937319443,58.02533378562171,266.859537411609,0.22026658211511752
20.651119004414802,63.67262957620341,457.28042762931966,0.5314586572562254
29.49221168440757,52.666773574521386,304.1544830614713,0.3977329688485898
26.87819354446352,49.07205455715441,255.49794523284925,0.5923017682183632
25.135337214664002,54.87529565577461,715.805685809772,0.5758543248614766
18.67334219130149,51.149660467977924,209.0338036013921,0.6014021599117904
18.24685891416315,48.775374205806116,296.4129840993827,0.6127049418509736
17.490717367818686,60.37801005830571,370.29686589487795,0.3686436996802114
28.84134915338048,37.128038197570724,291.546817210016,0.17999044814724374
19.411149935747492,36.84688192620634,247.49744980443873,0.3688189247309146
21.796413681733178,47.27370602598825,639.8022679382116,0.7945548637470554
22.40936750980835,42.82991664179784,330.311311106507,0.7577111362733632
26.67257393175381,32.96498071652096,178.75907038953693,0.16679057502921613
27.663524423295364,63.77881969674937,478.62661371968704,0.29766282520934284
17.08609051722919,60.86411226777399,187.8419480654872,0.2426327268663997
21.403565403166105,51.75685999211939,350.26372520864953,0.8354893962217317
27.642823317531857,69.17298149057476,717.2787335905987,0.050544987476079384
27.27049958633758,32.904002661904215,358.4128365743538,0.21095382582717337
16.536206376786247,60.666772041114996,542.756282001775,0.2915747993284583
17.345750233019444,40.65481566436387,460.2378752060419,0.41787856180751604
19.562980373991117,44.74395679774302,196.40739204458293,0.5520392268023084
16.130386036250105,38.7711754081227,554.3487184535846,0.24494858835612954
21.369945042608894,61.561515658474605,699.2244978536644,0.5169467790674591
16.614265577243728,35.76960408086264,165.24873183174083,0.11626196518626264
23.523263905047678,63.60066790941112,627.5760623908541,0.5072056788849462
18.698354097167343,56.463105929193354,583.1478970632847,0.5215755310749962
23.946495980244343,32.36092981076459,706.6624024980022,0.3403699882537765
16.762884643554564,62.439269264006136,172.8643524934269,0.17457455534797328
29.638258026278002,55.110228646519175,313.98676557767516,0.33159220855071336
28.98841805786011,66.19929278313366,586.0040410584619,0.09769264748885986
20.876954078469986,59.94889225634553,115.41258522065517,0.4837472917849108
18.632678911891283,52.44483709719099,613.8529744113421,0.6030324407861478
18.75597319280359,63.461887224767906,700.5850053007847,0.2945248392340015
22.25090302803588,41.122009532048885,417.31283666373025,0.7458784576291999
15.599892028510755,51.878002473782544,404.0309323986565,0.4711527078650375
24.595576591126907,41.744672792136406,294.9282734485562,0.5800680344180718
21.124543625096173,68.72817564362035,103.53630900356113,0.275115807250932
20.661098588833312,39.04785203368026,230.41246166644922,0.4990373789863458
27.140474572337975,30.6295295868185,785.9048828956599,0.046418562040473677
25.63553190274935,43.034193680151844,707.1002539849496,0.4943906894467206
29.31500723089038,50.100375878792185,286.553247124245,0.46532500055381043
20.279043607435362,31.134517369203003,774.6241999847325,0.22571622235208377
28.463141469741082,52.36993200135629,357.3988311673001,0.49911314063444934
26.54950779375133,64.9713109980492,308.30976232582606,0.2882784970490745
20.361369773920696,58.1892877766668,206.96534481491963,0.5369616689946715
24.324981546798867,54.91873291913217,731.1277486574718,0.6214958840648801
19.328549364775434,68.23847002833006,790.8947437468015,0.17027737658782438
28.115998756122636,68.33117335368424,329.1879828368777,0.10979121710061257
16.68640975818467,62.97065878812914,592.4012963508987,0.2203507063896072
18.186515419410615,54.309673895434045,334.71238686668823,0.5497936505113747
17.74549938119882,49.51058237990827,173.49351751381863,0.5391280980127798
21.04539003606433,30.532644529858693,374.88461481762675,0.3805728846115306
26.178494400481938,54.250476249061656,486.0989725328232,0.6313151468209373
22.903611735782704,69.56352301427415,186.11173142354596,0.358343395316464
22.315144853073114,62.72404200096116,672.7909423528328,0.5634843485842581
15.008189473454935,43.62418575537408,448.15418182530266,0.34027164774577745
21.381025880325822,36.08188100177688,264.0680667532011,0.48890973456766784
15.953306622542376,61.36234457868616,514.9317049800604,0.24857530085468982
18.12379878182226,59.75751282526966,655.2815142380815,0.3665623294716085
28.985909084407417,68.68187167917293,329.3370443363831,0.043100718744174316
18.23097306514857,64.99369447757356,591.033427080416,0.2733970676037012
27.87506457951394,52.2265050108963,399.50142598648114,0.5619527960868924
27.043400573420016,34.05136987858968,774.8358181919207,0.1437071524548741
17.387193554133642,49.3400263353584,639.6580606219121,0.5523335331252923
24.085679359054183,42.54780216089268,349.44563176541465,0.6601000642593785
16.7349280785752,50.496339280993595,112.42357134323345,0.44250270956742754
25.918322375542672,42.068062985586124,560.2639267662996,0.5213067844766657
24.5619341605831,64.47291967902383,238.5105110093966,0.4000054501804817
27.17907842536529,63.77308055931289,185.31542295439294,0.21769414954253608
22.19076824083782,42.61860628668224,752.2435159777557,0.6509242227573125
28.722946317500742,53.9832538549598,799.9642791504417,0.3189059090543166
15.740234201826595,47.20723430556217,288.9221743950696,0.40282607794895553
19.39332847540522,66.36371028114253,311.23798651615664,0.3177186587204307
25.725788961977507,37.49443605705291,215.49225746671812,0.36063795037387847
21.271638176220012,57.90913607139837,420.37934315073664,0.7062757352729161
17.594270314067344,68.81501311348866,706.0906318850233,0.08062810648869057
16.60816118142819,37.01102078252361,591.0541664874145,0.21531761428334362
27.26008667192432,38.07865713696813,692.4320906536113,0.2691834642703861
22.097144676984662,57.74893354688912,259.93715897150634,0.688913525017943
28.23425507878661,61.16615698099656,611.3192471859361,0.2617437144198185
25.999337014750893,49.621962191757305,742.9686398772421,0.6177510443451864
21.145893084461154,54.38745860588485,296.99127995007325,0.7271784452217523
20.602665212335253,38.50729635247315,583.4574805138295,0.5226422417704506
22.734575199768777,49.064569142693045,380.46018818289815,0.9278616858126925
28.335899297845927,34.482875234996605,303.15865161124583,0.1530874760714943
26.059178695712518,42.85687701102659,778.7364281280446,0.427602189310047
15.077294464035349,41.39118820123817,344.0432609778049,0.23947707928940842
25.412367770536882,47.7850144040968,175.4947768824811,0.6197507358201904
28.792611103587312,67.20505448974788,372.0124467342349,0.11322930072392734
25.656836392567374,37.250706485913696,413.37480367198765,0.453371332963345
17.65508672351244,46.05552986498882,626.5475778494665,0.4943237530258039
22.25277191141188,54.62388876438579,764.939986862902,0.7179494860021464
17.10474026885129,67.86228344296006,671.9398886559488,0.08807327058468029
20.38492917509448,35.325927661430725,751.6589178785742,0.34849636612369816
29.056755629107766,66.71506467972455,432.5420909824518,0.13669305105801222
28.849579613380627,33.24215154536246,603.5215977655039,0.08464295832987512
19.242552782641244,49.229655886410576,316.3347095086817,0.6999281110071482
20.094465662492986,48.18359468921931,148.71097596331256,0.6507499475696878
24.00319302196941,38.38410915508782,355.83146772819543,0.5645477025212327
29.447959428905698,43.8983867246339,588.5406598298084,0.3182906300793684
17.217020010980857,48.166610733935926,292.2354771736306,0.5268406391631365
18.853749655300035,64.60845851642517,702.9841269490646,0.2712365488955327
28.10335240936157,68.20256581494239,653.5409949880313,0.07445474400803498
22.378383475625167,50.75702714548661,235.82978442922206,0.8709807361327135
28.484416383405474,64.80399161177687,331.5857337435647,0.17455137164214896
17.782768462847645,54.326863427071174,677.7118322843642,0.46891210599669986
22.99002881207041,43.96349367950702,270.75645265790956,0.7310646843534145
19.894044489740587,37.76776830453876,332.12150196699145,0.46433122215188505
19.74813839838714,46.52539087131059,340.1468526961607,0.6773663091496032
21.703154459192987,50.912971316953914,660.7294194780367,0.8237053384137624
21.496161736519028,31.777735530382248,125.92118592351173,0.3231975925624969
20.360203195169316,35.833646634834025,151.65088818499,0.3611170399226098
28.72456155473428,54.0073769592576,504.9160837140563,0.4586942896486289
25.976162781493393,39.00006378708648,377.97839369724664,0.4589614062429581
25.913204869972944,63.4930550432519,543.0197237274954,0.3908315260502704
19.34870174387933,43.07768999096763,286.522893325568,0.539009458092607
23.665641364752606,34.19336829013004,736.7078742370925,0.39059722377589035
26.68769149952751,33.34122354221268,632.6593210221192,0.21737052619533104
26.933855528148197,67.48492082127119,147.42235438527723,0.12320201777513917
20.167956911314683,34.720812449675165,648.7338340995238,0.3679156129011799
26.563091348529717,35.636390566482405,778.7076606185759,0.21350955015599515
26.038408452115995,64.50664231731011,759.7049344112311,0.25396150506369
17.122597284328503,40.17152521109376,614.8386586178134,0.31730001655742823
27.989182028497158,56.63805643017665,186.51562743685093,0.34263437183951173
21.619822052706162,62.669027481195656,503.25373608831785,0.5992368612037013
22.296156733329983,54.28722560520768,298.9629101883421,0.8073073850386364
21.72553768346996,68.29954173791398,779.149060545373,0.3341429875713986
23.51769002216261,58.35531597043365,602.2400077531265,0.6507758574744482
24.317538710505822,34.510060396146336,527.5359128511934,0.4546603992741305
22.47269348644415,52.3364010618352,586.5616298233083,0.8747401916821548
28.001828148886432,58.72746104356736,406.58539037677633,0.39435130702161403
24.416021342929266,62.07828961493781,360.91572600632463,0.5278869205771393
21.021419239582798,31.05285341136366,755.0597056079749,0.2824827581096233
21.250376353630664,58.75515661085698,332.3489943548807,0.6417885532348486
27.16257922693427,63.027232840777984,129.00529221290353,0.21062594109583888
20.2228791411978,59.87335243741426,380.58810790812015,0.5683048498626493
18.171821936736205,50.49396582622393,653.2382468351706,0.602325532586258
15.890747820086839,48.32083852355211,553.9278506342437,0.4679146984116188
28.140402718808613,51.97674333199264,773.5195428345122,0.4204976436203184
28.77819676785525,58.18574795306408,174.34130733339634,0.24554380585609392
16.80180273245214,66.91657162529941,738.0824115605684,0.060023790787862685
20.017106122441724,54.681408425645,358.19443573984347,0.6737215954930106
17.630581042728657,65.51337225133878,431.8018097953386,0.27887195837241185
16.738477032388197,58.05027389782909,399.9375081424641,0.3908023395432306
28.49800114500045,32.7334550975539,181.516596764709,0.04062039480296464
15.853158887180332,50.03312760006487,273.4575190076321,0.4719812210521299
29.707284952035103,41.45945393260969,619.5900984608544,0.22524349510297137
16.446762910460762,41.406997125302894,116.10527929198665,0.22262830277852164
27.952059737903788,44.23710204863937,193.7214420703922,0.37041949348449
23.49759160483744,42.58931088001903,117.64711815394506,0.5899633879417631
20.5187623172681,53.14439920468401,700.1716401264844,0.67017815525959
20.135135649377368,57.344060014142286,532.1273794472457,0.6196326003443409
26.36046214856563,40.74997548306942,218.9500634829912,0.40136146454521304
19.71859942506431,35.190504902735256,638.1405561376275,0.3547451765547508
24.859783749257126,32.352348837378486,776.7604182160876,0.24588960516680258
22.759891252741202,53.030113801222086,754.1922621710128,0.762067613276695
22.274484677371056,37.4452066533201,745.0832834685157,0.5305799622203512
28.517432559737422,30.369919768947973,105.46715078402026,0.0
23.319675879303894,67.11012317294816,512.309442289695,0.48793069906094344
27.402924045730423,51.485616763329624,279.64283164732046,0.554875516747741
25.88360301152234,33.69792720987891,495.2530500169011,0.34532557470886394
15.578358690884976,63.716844485099415,322.62120241238824,0.13497956365169794
26.59665078758129,69.32810953160472,207.56657994082883,0.12824272346200016
18.25305375136561,47.944026480708686,411.1456063508427,0.6469688198948733
28.547244702773572,31.699584329526328,446.5674290234614,0.1377054037787111
15.64386285913248,34.70183763024254,792.8358547933371,0.0
19.99608051711478,45.26614986581728,129.67151889697809,0.5621884091659308
16.49599420852131,65.42090549795509,310.8086392280936,0.14792870941830227
22.133836756272657,35.92154717111048,696.3256915618259,0.5063298479998316
27.300336538046274,62.95960376010782,561.78684868823,0.3027556374188721
19.47281039494596,30.599050408760778,678.6781222921271,0.20426927593345146
17.264023459665623,48.29554795143244,562.2036429918445,0.5548932899102599
19.95400553545349,55.77588563802273,631.6754164022931,0.5993577916976202
27.20820212880954,32.41517928102385,445.0452249979401,0.24413992343731294
17.105759366990203,54.590510024659466,243.41438502831824,0.42724710481539274
18.410436736162527,67.77616485878224,667.00270258604,0.1796237073288791
16.03277946740061,36.410396805463805,497.4744582647784,0.20650499974197933
25.585650659844113,59.18445532141411,197.65363565078079,0.44451363757064954
20.928498653045054,54.363755917741734,663.4258188096063,0.6845080033025048
19.66259965714974,37.40465555516922,771.0101372538047,0.3430943959016872
25.77939585511728,30.248136588374642,342.3147108399261,0.2362983152443694
20.03966313510383,30.37137802023708,305.45857646051047,0.2764327435416635
25.91656909821627,51.283696366881145,157.24262474529627,0.6007280436827419
27.227990929714704,67.71117638244775,565.1438585145909,0.18719078630802088
18.264942651866075,55.7719450986245,771.2731329475478,0.42037700982662685
29.60728045268975,58.571993851749745,195.19488299412535,0.19054568685747553
17.435369218690003,49.75461947682149,439.61174192352087,0.6512766452729759
19.362613599851137,53.275557705382795,168.76672925727348,0.5750313589065885
17.696929362503123,35.05470101322414,123.87693259687107,0.1508661174007503
20.182584845345016,65.07282481602523,565.1507354673518,0.41385135239982174
22.200913317311333,60.43170514667207,707.3810227404485,0.5967058673727876
22.832638035031785,69.92795811378438,336.2993752882208,0.42548202352861464
27.80409063444408,41.90891790222486,713.0356220870694,0.31886184712264976
28.341718632238,39.080710871842314,181.93716940572233,0.20992089603053532
18.301557911713594,35.00646631845372,266.57247734223336,0.2579190793814079
24.343410482786286,68.56839026464179,731.1247088347029,0.2790273022292966
16.672440859480734,61.23540738512094,455.9569255834692,0.3277742414404686
21.884547902731025,36.65298454878555,525.7346686579169,0.5892303459693656
19.835003070699273,52.107458844328555,126.61276277975554,0.6156531444525736
19.747511181804096,46.55072832269107,189.87293710352225,0.6063989235701795
22.238763625681514,36.059440312247716,139.0535687505972,0.48600052035191155
25.947414532939014,36.48291940119862,733.5005179647685,0.2972451028508082
16.03773988188584,68.53879978980743,194.3564747096629,0.0
28.187600065311067,42.19856731830889,694.7709786261282,0.30923323640073286
26.022206619458416,67.65757166735773,345.7242895607172,0.2740918334763134
17.6474908333359,33.024426922603375,660.4182474560461,0.15191089649888456
29.087413636310558,48.43212169172762,355.5304832197232,0.4766566490247359
22.594683360350828,35.184761940670406,287.3788277850135,0.5458681710576638
29.99712867175448,30.191495409646887,165.56249083234007,0.0
17.958892114511066,52.15064294824306,296.4946134018936,0.5703955974527057
23.02362297574802,34.55576419245454,430.03580170209597,0.5694791453339222
19.353720638398926,58.880981237347186,672.2561592277568,0.4623872453273168
19.5626033608387,57.92465502827598,416.7604683380885,0.5902288332719132
23.865980712509852,37.05331629857957,780.0049024563322,0.4281223349846265
28.825786003062497,67.66968573062067,479.14310759837605,0.12266111957870907
27.078957833687625,58.84173633729958,117.4619408680104,0.3153412792588166
25.859120977519886,41.9188105662772,390.7571101338907,0.5458179657193618
23.387606731525533,58.36935055803163,582.2293751705596,0.6686260848186693
28.834477555011716,59.27721110726144,264.0041523748773,0.2572017674009579
22.38542110036326,43.68905325003843,589.0409655937111,0.7683777543257918
28.107482675020773,45.02354249845837,452.5881136270614,0.5005239490662357
27.509724658149477,44.364260306132,118.01644290818071,0.36703745563770673
18.207530202023797,54.66473774208296,642.047064636144,0.5057659200894438
26.568381944488653,66.01640586160718,492.2615926698526,0.3082398225558851
15.182567354148881,36.927729449143506,157.74545215676537,0.046195560865544216
19.842443063221314,65.00798439345274,432.6498234235911,0.43936793886586
18.443511670379248,31.1061262602137,301.1050172423227,0.18631822845554125
22.6029443773097,56.4135438391289,715.7770798115531,0.7062379313384866
26.052797425211782,46.57755492758777,299.4489369650741,0.605894729111325
16.46514551171586,61.65126208929975,759.1809496819392,0.15916579155716404
22.723833029051526,58.84792451723612,482.29292454297877,0.7485021020166243
29.076180325415784,49.20431228580736,326.5295966827049,0.48290035529970543
18.429698264744182,55.75456146890387,669.4815121923042,0.4802675084544895
25.157117161671362,50.070925227997805,588.180264856036,0.7552855990667089
